Date,ISO_Year,ISO_Week,Year_Week,Total_K,Menthol_K,Mint_K,AllOther_K,Tobacco_K,ClearCooling_K,Unknown_K
03-02-2019,2019,5,2019-W05,3370.133262,478.2342491,1223.629258,1015.704555,766.3593623,0,1.268707681
10-02-2019,2019,6,2019-W06,3385.848229,474.0965118,1278.044044,848.9526941,771.4450378,0,1.207016146
17-02-2019,2019,7,2019-W07,3408.00752,473.058799,1326.997375,805.0796497,777.7094733,0,1.246736124
24-02-2019,2019,8,2019-W08,3436.010989,474.61044,1371.329324,830.2631013,784.4861266,0,1.27754005
03-03-2019,2019,9,2019-W09,3439.777049,466.4696742,1444.228667,753.4713397,791.0897712,0,1.213752194
10-03-2019,2019,10,2019-W10,3477.352681,471.5526368,1482.699406,764.6745307,797.1346971,0,1.257490784
17-03-2019,2019,11,2019-W11,3518.935349,477.6636508,1519.020579,752.9509398,802.8785902,0,1.264279518
24-03-2019,2019,12,2019-W12,3563.934922,484.3140382,1554.051349,728.9031899,808.8969416,0,1.264477504
31-03-2019,2019,13,2019-W13,3598.217858,490.7866887,1597.007355,721.905947,812.0922296,0,0.760549797
07-04-2019,2019,14,2019-W14,3648.128706,497.1144084,1632.070308,702.1629883,820.03151,0,1.028169065
14-04-2019,2019,15,2019-W15,3700.019747,503.1341931,1667.538131,690.4537166,829.0720084,0,1.014428477
21-04-2019,2019,16,2019-W16,3753.633689,508.9647097,1703.384206,685.4773481,838.804252,0,0.99685266
28-04-2019,2019,17,2019-W17,15559.98477,2097.604159,7189.224633,2661.198512,3449.554677,0.092842395,4.875679377
05-05-2019,2019,18,2019-W18,15790.04949,2121.436938,7340.170666,2681.160816,3490.673142,0.079399621,4.755530279
12-05-2019,2019,19,2019-W19,16024.10824,2146.1139,7492.357377,2714.272491,3530.551382,0.063756663,4.622209918
19-05-2019,2019,20,2019-W20,16261.14614,2172.173535,7645.677255,2756.211865,3567.839001,0.04639969,4.477715299
26-05-2019,2019,21,2019-W21,4038.870609,539.4683836,1894.123514,682.0941829,890.068072,0,1.676991473
02-06-2019,2019,22,2019-W22,4097.428631,546.8082238,1931.735658,694.2843663,897.4123866,0,1.292895616
09-06-2019,2019,23,2019-W23,4154.652496,553.8710389,1968.956796,705.9210358,903.5101631,0,1.241332675
16-06-2019,2019,24,2019-W24,4209.048265,559.8523536,2005.184032,717.700415,909.0093784,0,1.188780236
23-06-2019,2019,25,2019-W25,4284.845492,574.1075292,2052.50101,732.2051836,916.7730632,0,1.505982163
30-06-2019,2019,26,2019-W26,4329.889208,575.6595923,2085.275392,743.2939392,921.6228696,0,1.117605538
07-07-2019,2019,27,2019-W27,4371.854245,575.5325066,2116.281403,755.8186216,927.4681113,0,1.064159747
14-07-2019,2019,28,2019-W28,4413.411056,574.7003719,2145.942194,768.6822556,934.1359559,0,1.012252552
21-07-2019,2019,29,2019-W29,4461.249623,574.030849,2191.478067,779.7711391,937.355123,0,1.154238595
28-07-2019,2019,30,2019-W30,4508.349125,574.7073238,2218.971834,794.1897821,946.7166213,0,0.891268318
04-08-2019,2019,31,2019-W31,4550.914647,575.5840446,2240.187159,807.2109861,955.0938698,0,0.847877914
11-08-2019,2019,32,2019-W32,4579.486605,575.6777825,2249.362941,818.8280926,960.8343859,0,0.806615174
18-08-2019,2019,33,2019-W33,4720.161147,583.4568295,2342.105038,844.8136949,988.5619984,0,0.183146284
25-08-2019,2019,34,2019-W34,4693.45303,578.8525194,2310.122393,850.6666943,983.023968,0,0.356774332
01-09-2019,2019,35,2019-W35,4635.840263,572.4593841,2257.903769,853.1408791,971.9526174,0,0.338805252
08-09-2019,2019,36,2019-W36,4550.54556,565.231267,2189.868799,851.3787317,956.4614162,0,0.321274132
15-09-2019,2019,37,2019-W37,4567.811315,558.7234082,2176.408078,869.0971351,952.2267693,0,0.081855942
22-09-2019,2019,38,2019-W38,4435.795296,552.9207196,2088.277481,857.7609732,931.8727848,0,0.219523173
29-09-2019,2019,39,2019-W39,4303.671472,547.3041526,2003.350976,843.6457402,913.7991808,0,0.206423438
06-10-2019,2019,40,2019-W40,4192.721918,541.0517196,1931.963465,829.4961515,902.101265,0,0.193197447
13-10-2019,2019,41,2019-W41,3929.542575,535.2390006,1783.196294,805.4296228,851.2254444,0,0.045680334
20-10-2019,2019,42,2019-W42,3919.336718,525.6015807,1766.897957,798.7015044,862.5022391,0,0.145846993
27-10-2019,2019,43,2019-W43,3949.833919,518.874423,1770.075127,796.7449642,881.9745011,0,0.133278739
03-11-2019,2019,44,2019-W44,4001.286788,520.2849957,1779.830621,799.1239086,904.2978154,0,0.120193933
10-11-2019,2019,45,2019-W45,4037.286485,467.2631792,1831.145623,776.8845079,932.6685672,0,1.073422853
17-11-2019,2019,46,2019-W46,4073.469455,495.7950641,1815.444505,787.0110748,945.8096272,0,0.438600774
24-11-2019,2019,47,2019-W47,4092.69003,539.5866593,1769.692532,804.1568296,955.4887841,0,0.373046028
01-12-2019,2019,48,2019-W48,4096.55403,597.3550974,1683.71734,831.9475877,966.0330215,0,0.314930345
08-12-2019,2019,49,2019-W49,4164.901418,633.5373501,1873.939299,819.5655586,961.7832542,0.431383008,1.296757985
15-12-2019,2019,50,2019-W50,4143.774751,710.5094514,1643.19869,873.0463281,985.6484714,0.377026017,0.293235084
22-12-2019,2019,51,2019-W51,4113.667339,790.3377999,1375.574617,930.0488593,1013.308833,0.50928944,0.289340214
29-12-2019,2019,52,2019-W52,4077.656491,865.6153986,1107.287395,977.3392539,1039.259441,0.682301536,0.320666716
05-01-2020,2020,1,2020-W01,4055.134522,1034.334078,915.916089,1131.112473,1096.081157,0.547906852,0.179401903
12-01-2020,2020,2,2020-W02,4015.852169,1084.665142,738.4729109,1123.06284,1103.322856,0.791243561,0.174043316
19-01-2020,2020,3,2020-W03,3979.600363,1122.93305,616.2420343,1091.615336,1102.360006,1.049260617,0.233612662
26-01-2020,2020,4,2020-W04,3949.412945,1158.06773,529.3689659,1054.209351,1098.235981,1.41158897,0.31394212
02-02-2020,2020,5,2020-W05,3874.718839,1184.47972,453.2620414,988.5282266,1087.785565,2.237935826,0.085322124
09-02-2020,2020,6,2020-W06,3865.701481,1239.480193,381.8226976,986.8702277,1092.043433,2.963239692,0.233855724
16-02-2020,2020,7,2020-W07,3870.157777,1303.762038,312.6233229,1001.939601,1102.372576,3.75695111,0.300661494
23-02-2020,2020,8,2020-W08,3889.421904,1372.278048,252.2919381,1022.661945,1117.798427,4.441873372,0.380160658
01-03-2020,2020,9,2020-W09,3836.113285,1463.836578,178.7486428,1052.090231,1118.476686,7.580954715,0.783274204
08-03-2020,2020,10,2020-W10,3887.20889,1524.965472,157.9691895,1054.186126,1140.177819,7.684504254,1.128163308
15-03-2020,2020,11,2020-W11,3951.47136,1580.468664,151.1623771,1048.747332,1161.629721,7.255586826,1.321787869
22-03-2020,2020,12,2020-W12,4025.206466,1630.729286,153.1197907,1044.97631,1179.715774,6.478954205,1.466774619
29-03-2020,2020,13,2020-W13,4066.038311,1710.476827,136.0205887,994.297268,1224.207371,7.138614792,3.275195969
05-04-2020,2020,14,2020-W14,4147.949852,1754.910974,139.9745107,1018.615659,1227.403084,5.762761557,2.725263423
12-04-2020,2020,15,2020-W15,4239.215388,1796.810209,143.8080259,1062.113741,1225.467097,4.60735669,2.467908683
19-04-2020,2020,16,2020-W16,4346.796448,1837.80199,148.8968746,1124.973331,1222.922448,3.791266961,2.131631925
26-04-2020,2020,17,2020-W17,4392.035693,1892.865913,146.8356971,1132.389105,1207.963563,1.983684502,1.077318725
03-05-2020,2020,18,2020-W18,4546.455366,1934.485071,157.4301916,1225.975821,1216.819951,2.250954648,1.229659447
10-05-2020,2020,19,2020-W19,4707.807734,1972.180915,169.5818038,1325.041521,1230.309443,2.714072113,1.05875211
17-05-2020,2020,20,2020-W20,4853.701207,2000.468101,181.0523075,1416.593552,1244.907044,3.251288737,0.934269717
24-05-2020,2020,21,2020-W21,5179.18148,2094.607347,208.0992401,1626.405501,1270.218146,4.580863225,1.528854027
31-05-2020,2020,22,2020-W22,5234.500493,2089.574968,212.4285742,1672.013441,1276.366982,4.783361308,1.054937229
07-06-2020,2020,23,2020-W23,5247.544124,2070.799333,213.0663879,1694.44676,1277.835001,4.873240512,1.016163656
14-06-2020,2020,24,2020-W24,5238.773904,2045.018352,212.0057977,1707.134298,1275.579871,4.962534954,1.000045088
21-06-2020,2020,25,2020-W25,5254.292325,2024.720077,211.4008281,1722.511797,1283.955961,4.580842699,0.619792796
28-06-2020,2020,26,2020-W26,5260.791685,2004.727178,212.5719711,1752.528414,1278.79307,5.095135137,0.689593207
05-07-2020,2020,27,2020-W27,5279.935313,1990.218925,215.3587191,1791.935839,1272.157484,5.712122499,0.69275665
12-07-2020,2020,28,2020-W28,5304.980677,1980.333821,219.0684818,1833.023951,1265.093485,6.311899665,0.697857347
19-07-2020,2020,29,2020-W29,5329.130456,1953.407641,221.5780729,1898.778315,1260.600526,8.069573436,0.722260613
26-07-2020,2020,30,2020-W30,5345.786066,1949.350361,225.0876775,1922.330825,1252.71675,8.202221329,0.748145565
02-08-2020,2020,31,2020-W31,5357.558937,1947.966792,228.1281248,1935.801974,1246.199672,8.049355964,0.758754889
09-08-2020,2020,32,2020-W32,5367.524541,1949.275206,230.7061248,1943.088886,1240.483052,7.678849272,0.770838933
16-08-2020,2020,33,2020-W33,5372.776353,1936.800463,235.8474456,1965.051098,1227.877886,8.061376583,0.725076309
23-08-2020,2020,34,2020-W34,5388.588684,1944.021482,237.5616279,1971.023765,1225.15682,7.44204871,0.776117889
30-08-2020,2020,35,2020-W35,5408.14362,1953.723093,238.7522977,1978.116607,1223.486926,6.81117863,0.791344058
06-09-2020,2020,36,2020-W36,5430.491344,1965.454962,239.3386288,1985.808531,1223.478367,6.185396076,0.807461745
13-09-2020,2020,37,2020-W37,21928.82023,7968.691044,965.1676974,8014.661981,4889.547053,19.75543862,3.524374595
20-09-2020,2020,38,2020-W38,22028.27634,8025.895811,961.6235933,8044.042199,4904.29725,17.82541311,3.599172201
27-09-2020,2020,39,2020-W39,22126.11696,8084.88167,954.608034,8069.4707,4927.20204,16.15975259,3.676046051
04-10-2020,2020,40,2020-W40,22218.06102,8143.516857,943.7765799,8088.827424,4958.769698,14.8405833,3.754417688
11-10-2020,2020,41,2020-W41,5549.217674,2031.189627,238.9638782,2025.121128,1231.151851,3.374861572,1.001415232
18-10-2020,2020,42,2020-W42,5566.548339,2044.043662,234.1697333,2025.643702,1243.198367,3.381843247,0.979719697
25-10-2020,2020,43,2020-W43,5583.00565,2056.325296,229.4872251,2024.927428,1256.392665,3.361092491,0.999596355
01-11-2020,2020,44,2020-W44,5601.228336,2068.441415,226.1791635,2024.307742,1269.257117,3.382202691,1.019268716
08-11-2020,2020,45,2020-W45,5602.701657,2080.280993,212.4209743,2018.165487,1289.644586,3.95628111,1.397743511
15-11-2020,2020,46,2020-W46,5631.560322,2093.491648,215.1389052,2021.411417,1298.187931,3.646256763,1.180731969
22-11-2020,2020,47,2020-W47,5665.036784,2106.727125,220.6931544,2026.781849,1304.135603,3.591155988,1.201043812
29-11-2020,2020,48,2020-W48,5700.701237,2119.500233,228.2469661,2033.641247,1308.03188,3.506306139,1.220480708
06-12-2020,2020,49,2020-W49,23138.08482,8605.501325,977.7521425,8193.064944,5283.622089,12.63491641,4.431717769
13-12-2020,2020,50,2020-W50,23269.8664,8645.626827,1015.014672,8224.884712,5288.920081,12.19653494,4.493252249
20-12-2020,2020,51,2020-W51,23380.74157,8676.1681,1050.120213,8255.017711,5292.077286,11.74557696,4.549921509
27-12-2020,2020,52,2020-W52,23460.79958,8694.552734,1079.599546,8280.909675,5295.137268,11.31469564,4.601147095
03-01-2021,2020,53,2020-W53,5886.296658,2182.488514,273.5325227,2072.982729,1322.810592,1.853445964,0.767317573
10-01-2021,2021,1,2021-W01,5884.464896,2178.963652,275.7790925,2075.585053,1324.776339,2.292395086,0.971580295
17-01-2021,2021,2,2021-W02,5873.244126,2172.989546,275.8805266,2076.210748,1326.319546,2.244102819,0.978097067
24-01-2021,2021,3,2021-W03,5855.99432,2165.558288,274.8078582,2075.221469,1326.093523,2.210056131,0.983005066
31-01-2021,2021,4,2021-W04,5843.615061,2155.266517,275.4966899,2074.62846,1336.576785,3.213733682,0.875941122
07-02-2021,2021,5,2021-W05,5824.744755,2149.959854,274.8058373,2072.096289,1329.243685,2.797735654,1.042761908
14-02-2021,2021,6,2021-W06,5813.815215,2146.809566,274.7015137,2072.723025,1320.570917,2.792879493,1.042088116
21-02-2021,2021,7,2021-W07,5817.824968,2147.964064,274.995959,2080.552227,1313.608613,2.79565117,1.039208854
28-02-2021,2021,8,2021-W08,5739.32984,2129.355705,274.4846778,2046.31417,1290.261633,2.774968477,1.18716603
07-03-2021,2021,9,2021-W09,5790.271899,2141.894077,274.9972396,2078.005752,1295.003861,2.633618252,1.183816885
14-03-2021,2021,10,2021-W10,5854.241736,2157.48085,275.3097353,2117.595022,1303.364015,2.642631043,1.171987438
21-03-2021,2021,11,2021-W11,5916.156524,2171.269368,275.2083474,2158.085056,1311.370491,2.648782228,1.157029647
28-03-2021,2021,12,2021-W12,6041.904907,2207.514812,276.5884427,2223.792873,1334.121882,2.882596344,1.251265835
04-04-2021,2021,13,2021-W13,6058.121816,2205.787593,275.2091988,2247.142763,1330.239582,2.694620957,1.177463661
11-04-2021,2021,14,2021-W14,6054.858305,2197.980149,274.0468841,2260.782688,1322.044325,2.676840342,1.150882474
18-04-2021,2021,15,2021-W15,6045.114971,2188.717446,274.1554744,2268.281676,1313.59421,2.645942357,1.12038803
25-04-2021,2021,16,2021-W16,6018.394869,2169.100549,265.9865991,2291.272907,1292.374783,2.268270819,1.650857453
02-05-2021,2021,17,2021-W17,6032.689758,2170.042156,271.1636133,2296.634546,1294.949908,2.365854573,1.22866413
09-05-2021,2021,18,2021-W18,6059.008946,2176.045272,277.9886063,2302.745601,1302.088377,2.306286315,1.203609872
16-05-2021,2021,19,2021-W19,6089.906427,2184.812024,284.8611813,2309.346947,1310.586931,2.259588294,1.216868546
23-05-2021,2021,20,2021-W20,6124.633631,2190.389122,298.1865987,2311.63206,1324.327137,1.332121656,1.106410257
30-05-2021,2021,21,2021-W21,6143.285219,2197.357187,300.8238592,2318.793595,1326.274477,1.773217653,1.047376003
06-06-2021,2021,22,2021-W22,6157.757455,2203.28175,301.0934077,2328.049496,1325.402876,1.837015532,1.234369523
13-06-2021,2021,23,2021-W23,6174.323695,2208.97194,299.8961344,2341.524849,1323.99551,1.957645159,1.511844217
20-06-2021,2021,24,2021-W24,6161.381561,2213.417744,301.4673194,2330.575468,1316.665887,3.304176963,0.86513601
27-06-2021,2021,25,2021-W25,6199.669851,2221.520592,299.8647114,2357.577851,1320.913528,2.980746933,1.454290662
04-07-2021,2021,26,2021-W26,6245.843797,2229.459566,299.1008102,2389.388788,1327.529397,3.466199188,1.804117009
11-07-2021,2021,27,2021-W27,6293.104791,2235.602098,299.567159,2422.457893,1334.891188,4.148876917,2.176456318
18-07-2021,2021,28,2021-W28,6363.922302,2256.980544,292.3564316,2466.473961,1346.946062,3.47902898,4.31223832
25-07-2021,2021,29,2021-W29,6393.856935,2254.427071,296.600262,2492.216379,1350.523705,4.583104416,4.646719951
01-08-2021,2021,30,2021-W30,6414.193982,2248.321261,302.1839283,2512.714928,1351.802595,5.52756185,5.105881047
08-08-2021,2021,31,2021-W31,6428.02678,2240.271124,308.859378,2528.594732,1350.727638,6.410304754,5.435160681
15-08-2021,2021,32,2021-W32,6461.862792,2234.661556,314.8574715,2564.040243,1358.42047,9.844187062,6.438712072
22-08-2021,2021,33,2021-W33,6471.932055,2227.810639,321.6296392,2572.751399,1353.93858,10.25108226,6.425750438
29-08-2021,2021,34,2021-W34,6480.384638,2221.713566,328.6432256,2579.091882,1347.481491,10.51160402,6.258789596
05-09-2021,2021,35,2021-W35,6485.820516,2215.81424,334.8696637,2584.116475,1340.159459,10.69312666,6.076747894
12-09-2021,2021,36,2021-W36,6509.217222,2210.857772,346.6286846,2591.407914,1336.03501,10.66348801,5.477146119
19-09-2021,2021,37,2021-W37,6504.603404,2203.368242,350.807323,2596.646735,1327.744311,11.24710125,5.636485208
26-09-2021,2021,38,2021-W38,6496.973944,2195.995506,352.0040695,2602.653098,1320.918989,11.79148978,5.877882982
03-10-2021,2021,39,2021-W39,6489.20543,2189.77848,350.5599229,2609.292253,1315.30169,12.09792096,6.208485691
10-10-2021,2021,40,2021-W40,6473.624653,2174.861158,362.4387483,2614.094527,1300.945509,14.93029701,6.662764859
17-10-2021,2021,41,2021-W41,6473.595981,2174.212958,353.8888354,2621.856573,1299.692273,13.80152347,6.885935582
24-10-2021,2021,42,2021-W42,6475.825913,2175.088529,345.1598765,2629.059513,1299.400248,12.14037228,7.239222589
31-10-2021,2021,43,2021-W43,6476.953453,2175.837356,338.5125398,2634.989387,1299.96197,10.32780724,7.61207697
07-11-2021,2021,44,2021-W44,6497.164334,2183.621225,315.2438273,2653.320922,1299.923379,8.733781173,7.591220768
14-11-2021,2021,45,2021-W45,6486.361564,2178.959441,320.2411238,2653.787569,1300.023617,7.630246721,8.275427115
21-11-2021,2021,46,2021-W46,6469.222914,2172.32748,328.4120189,2650.517871,1300.062846,7.173282299,8.595942869
28-11-2021,2021,47,2021-W47,6447.251187,2165.091854,336.10303,2642.373639,1299.990158,7.062689807,8.637409248
05-12-2021,2021,48,2021-W48,6443.32088,2156.661899,359.4315464,2659.592755,1299.642601,5.378453544,11.40518845
12-12-2021,2021,49,2021-W49,6416.220166,2152.667598,355.3648055,2639.418098,1299.963924,5.867807673,9.658665481
19-12-2021,2021,50,2021-W50,6386.600203,2148.5237,346.9132241,2614.36112,1300.21032,6.003343402,8.512113825
26-12-2021,2021,51,2021-W51,6353.85875,2142.146803,338.290424,2586.628026,1300.183156,6.15039538,8.224032245
02-01-2022,2021,52,2021-W52,6325.084875,2150.138644,317.3229968,2557.541488,1301.452913,7.649619919,4.086319763
09-01-2022,2022,1,2022-W01,6285.485256,2132.861155,319.9619295,2530.999739,1300.190416,7.218646178,6.09658333
16-01-2022,2022,2,2022-W02,6252.503564,2114.967464,327.1638348,2510.562041,1299.129731,7.359701216,8.398621966
23-01-2022,2022,3,2022-W03,6236.926305,2102.032737,335.5512389,2500.896731,1299.22694,7.472032687,10.81847494
30-01-2022,2022,4,2022-W04,6109.459751,2048.847185,349.9798213,2428.452561,1291.117689,6.519879067,22.05067826
06-02-2022,2022,5,2022-W05,6156.622253,2061.848526,351.4338429,2451.582523,1296.124587,6.953551151,23.51453551
13-02-2022,2022,6,2022-W06,6227.221762,2083.281391,350.012588,2488.177613,1302.84406,7.00169132,24.46026454
20-02-2022,2022,7,2022-W07,6306.696234,2106.022898,348.5737478,2531.787303,1309.913663,7.124878462,24.77452169
27-02-2022,2022,8,2022-W08,6409.069021,2152.502969,339.523737,2571.050709,1321.789626,7.444443377,25.34796724
06-03-2022,2022,9,2022-W09,6464.650432,2156.451951,345.5839791,2611.353087,1325.612944,7.709500335,26.1570406
13-03-2022,2022,10,2022-W10,6502.194959,2151.016703,353.8603204,2645.145257,1326.929846,8.179750775,26.63117672
20-03-2022,2022,11,2022-W11,6524.085588,2140.028377,361.0319635,2672.450948,1325.667584,8.566305513,27.06381544
27-03-2022,2022,12,2022-W12,6610.455419,2137.146708,384.4630252,2739.257753,1335.239223,9.750042401,29.26807922
03-04-2022,2022,13,2022-W13,6608.960851,2127.516498,380.2528865,2751.565218,1328.81474,9.612962915,28.7825195
10-04-2022,2022,14,2022-W14,6598.728757,2120.211516,371.8859981,2756.464231,1321.372415,9.207878039,28.47349137
17-04-2022,2022,15,2022-W15,6581.854973,2115.125278,363.3980902,2752.712799,1314.573622,8.729116644,28.17590991
24-04-2022,2022,16,2022-W16,6584.308921,2101.669778,342.7919575,2783.347969,1300.017706,7.818159996,26.27306921
01-05-2022,2022,17,2022-W17,6560.072763,2099.584775,345.0351563,2762.180168,1299.0355,7.765952363,26.87521049
08-05-2022,2022,18,2022-W18,6536.957331,2099.006437,351.8747357,2737.549368,1299.991581,7.829626381,27.45034202
15-05-2022,2022,19,2022-W19,6518.660984,2099.739011,360.2981505,2716.922494,1300.955213,8.086261261,28.20137828
22-05-2022,2022,20,2022-W20,6467.550394,2096.62086,372.928142,2658.968558,1308.611973,8.232108513,29.55292099
29-05-2022,2022,21,2022-W21,6468.818195,2099.720222,376.1394692,2664.319855,1304.102781,8.457086525,30.05754339
05-06-2022,2022,22,2022-W22,6476.965463,2102.020236,376.2463719,2679.665649,1297.348037,9.094125886,30.64599186
12-06-2022,2022,23,2022-W23,6486.665949,2101.638682,374.6860169,2697.045938,1289.937209,9.816679076,30.94354375
19-06-2022,2022,24,2022-W24,6514.361754,2122.539489,375.5094976,2731.077748,1281.789925,9.924465083,32.54043548
26-06-2022,2022,25,2022-W25,6511.72685,2111.156885,374.6689558,2731.541891,1277.518741,10.89567374,32.04938504
03-07-2022,2022,26,2022-W26,6498.909644,2094.067325,374.6856709,2723.854619,1273.439602,11.69462682,31.15751323
10-07-2022,2022,27,2022-W27,6475.001752,2072.236301,375.1358757,2713.525742,1267.251732,12.48523437,30.25266624
17-07-2022,2022,28,2022-W28,6498.01488,2066.772446,374.9005524,2695.335489,1278.343595,13.38708886,28.59214812
24-07-2022,2022,29,2022-W29,6450.322407,2038.402383,375.1619417,2694.816892,1261.29481,14.45157267,28.40095739
31-07-2022,2022,30,2022-W30,6398.884796,2010.133332,375.0720811,2700.30404,1240.665464,15.10489413,28.61388965
07-08-2022,2022,31,2022-W31,6352.777917,1984.691839,374.8654247,2709.543578,1219.69613,15.65644434,29.09300483
14-08-2022,2022,32,2022-W32,6251.490224,1938.132762,375.1357554,2708.443993,1188.822961,18.4778825,28.87790178
21-08-2022,2022,33,2022-W33,6241.090382,1926.156421,374.8625296,2718.970312,1176.631951,18.06847018,29.57670943
28-08-2022,2022,34,2022-W34,6246.60263,1919.641784,374.9287186,2729.963688,1169.233085,18.28765934,30.08886663
04-09-2022,2022,35,2022-W35,6260.816764,1916.069032,375.0729964,2742.622007,1165.312003,18.46598798,30.35652216
11-09-2022,2022,36,2022-W36,6265.944159,1908.960201,374.7052318,2749.272122,1150.794678,16.96505254,32.42091876
18-09-2022,2022,37,2022-W37,6276.443495,1903.63725,374.9986655,2767.797454,1149.804941,17.78273893,31.62925811
25-09-2022,2022,38,2022-W38,6280.435979,1897.132514,375.1276234,2785.483049,1149.525016,18.18091158,30.91155206
02-10-2022,2022,39,2022-W39,6277.176366,1890.270035,375.1684794,2797.447374,1149.875364,18.77129695,30.43827107
09-10-2022,2022,40,2022-W40,6308.850341,1882.516826,375.1454163,2850.843921,1148.428502,19.6582448,27.298947
16-10-2022,2022,41,2022-W41,6289.764226,1877.838847,375.280888,2838.404733,1149.87193,20.47240397,28.5151981
23-10-2022,2022,42,2022-W42,6264.750652,1873.006256,374.9532234,2817.062851,1150.941766,21.54818618,29.94979734
30-10-2022,2022,43,2022-W43,6236.634781,1866.63807,374.6204723,2793.688495,1150.757802,22.32116505,31.43605755
06-11-2022,2022,44,2022-W44,6206.704982,1871.251359,375.4603095,2752.057258,1159.069793,25.26601152,35.17131507
13-11-2022,2022,45,2022-W45,6180.591825,1857.363379,374.5864052,2743.965766,1153.918145,24.63287076,35.38795681
20-11-2022,2022,46,2022-W46,6160.987585,1842.299481,374.7373226,2746.262707,1147.079637,23.50172354,35.21213232
27-11-2022,2022,47,2022-W47,6151.715609,1829.085781,375.2159626,2757.714269,1139.932424,22.49939417,34.72859581
04-12-2022,2022,48,2022-W48,6093.953252,1798.581872,373.2942433,2742.700795,1128.117273,19.19228216,34.33464513
11-12-2022,2022,49,2022-W49,6114.42119,1798.086604,375.1521618,2767.178067,1124.379417,19.9499417,34.04014532
18-12-2022,2022,50,2022-W50,6138.664511,1800.853253,375.9868405,2789.438603,1123.127355,21.47097449,34.05304698
25-12-2022,2022,51,2022-W51,6152.961047,1802.478271,375.5667543,2800.682535,1124.375955,23.48680164,34.37216257
01-01-2023,2022,52,2022-W52,6253.049164,1826.099339,384.4670787,2885.819814,1115.32822,25.24112105,32.88563236
08-01-2023,2023,1,2023-W01,6209.778687,1812.030266,378.8612002,2851.543257,1121.288889,27.29872275,33.95661524
15-01-2023,2023,2,2023-W02,6148.427388,1791.954072,371.9040296,2803.831033,1128.325501,29.22213653,35.22045069
22-01-2023,2023,3,2023-W03,6088.74476,1769.916324,364.7676916,2758.805896,1135.05739,30.93801967,36.83730172
29-01-2023,2023,4,2023-W04,5950.033167,1739.736,352.6439931,2646.781273,1148.433572,34.4176998,37.75817934
05-02-2023,2023,5,2023-W05,5949.276944,1726.588214,349.3567411,2651.07996,1150.769171,35.68143287,39.95261167
12-02-2023,2023,6,2023-W06,5977.514555,1718.667284,348.4077324,2679.56227,1150.941295,36.77417832,42.24234132
19-02-2023,2023,7,2023-W07,6023.175334,1715.008503,349.5915334,2722.576497,1149.855962,37.82668901,44.24686767
26-02-2023,2023,8,2023-W08,6040.279003,1698.818048,342.0865792,2742.076814,1150.82145,38.90259766,49.6423419
05-03-2023,2023,9,2023-W09,6086.060738,1699.503315,346.557506,2785.884149,1149.849988,40.27076185,50.11741421
12-03-2023,2023,10,2023-W10,6123.473294,1700.724662,352.3053517,2822.513427,1149.504031,41.64617267,49.92734129
19-03-2023,2023,11,2023-W11,6150.186965,1700.953975,359.0505631,2849.52561,1149.824531,42.88046782,49.2129026
26-03-2023,2023,12,2023-W12,6231.495061,1709.193998,364.0820249,2929.975607,1148.23347,45.59096901,49.53123945
02-04-2023,2023,13,2023-W13,6231.906591,1704.070457,371.8542328,2931.831605,1149.832859,46.01717795,48.64190746
09-04-2023,2023,14,2023-W14,6223.597038,1696.987711,379.1243183,2924.518415,1151.063173,46.27656814,47.61590368
16-04-2023,2023,15,2023-W15,6213.00131,1689.747834,384.939424,2913.674373,1150.870498,46.6152849,46.71094941
23-04-2023,2023,16,2023-W16,6188.534786,1676.945687,400.359616,2897.085749,1159.913144,45.54625818,45.31602202
30-04-2023,2023,17,2023-W17,6191.166002,1674.18991,400.8617732,2894.949428,1154.024347,46.88756405,44.69673185
07-05-2023,2023,18,2023-W18,6201.888506,1673.833522,399.783811,2899.251184,1146.571397,48.54929258,44.59326343
14-05-2023,2023,19,2023-W19,6218.410706,1675.030881,398.9947997,2908.713638,1139.491111,50.31688518,44.8939827
21-05-2023,2023,20,2023-W20,6219.287701,1673.320837,391.2462691,2899.121564,1124.916825,53.05565401,42.9143525
28-05-2023,2023,21,2023-W21,6240.367579,1675.027717,395.9610359,2915.060766,1123.959619,54.21764925,44.25893753
04-06-2023,2023,22,2023-W22,6260.964522,1676.005952,402.8065127,2933.093253,1125.050552,55.13426389,45.76424236
11-06-2023,2023,23,2023-W23,6279.380197,1675.645494,409.9861823,2952.724418,1126.073004,55.89243285,47.36246761
18-06-2023,2023,24,2023-W24,6316.994139,1683.31986,422.9411026,2972.83481,1134.342531,56.95484215,49.84381887
25-06-2023,2023,25,2023-W25,6326.402185,1678.802804,425.8323678,2993.655403,1129.233657,57.87663322,50.99232534
02-07-2023,2023,26,2023-W26,6329.806745,1672.529291,426.2363327,3011.344649,1121.916464,58.69176604,51.94893176
09-07-2023,2023,27,2023-W27,6326.796931,1665.348045,424.9901969,3022.165139,1114.507348,59.27675858,52.71492403
16-07-2023,2023,28,2023-W28,6352.951752,1659.796717,427.0181432,3075.828466,1100.541433,61.80570058,54.03653971
23-07-2023,2023,29,2023-W29,6336.213268,1652.890646,424.9876605,3063.102195,1098.962805,61.3272328,54.60943334
30-07-2023,2023,30,2023-W30,6315.757082,1646.627774,423.7881643,3042.066288,1099.671989,60.54574644,55.31520605
06-08-2023,2023,31,2023-W31,6295.077898,1640.684863,424.206032,3019.003051,1100.823773,59.62132019,56.23882089
13-08-2023,2023,32,2023-W32,6266.186588,1633.901438,415.7098906,2985.548728,1107.314194,58.04841504,55.80790108
20-08-2023,2023,33,2023-W33,6254.608268,1628.270556,421.1720533,2975.515291,1103.984343,57.70346239,57.59679462
27-08-2023,2023,34,2023-W34,6245.305471,1622.174168,428.1291374,2971.179587,1098.132714,57.49565796,59.36307579
03-09-2023,2023,35,2023-W35,6233.899673,1615.653837,434.9889187,2967.756394,1090.568749,57.55246461,60.93222851
10-09-2023,2023,36,2023-W36,6246.290721,1611.19224,448.4944958,2976.324491,1086.614056,57.29984333,65.45915736
17-09-2023,2023,37,2023-W37,6218.441528,1603.226951,450.8337686,2961.635,1078.153084,57.41557427,65.51867606
24-09-2023,2023,38,2023-W38,6184.8142,1595.803306,450.9032726,2941.772276,1070.553771,57.98298997,65.12726746
01-10-2023,2023,39,2023-W39,6150.45355,1589.777504,449.768463,2920.268232,1064.679089,58.60159243,64.29489911
08-10-2023,2023,40,2023-W40,6103.640005,1574.452297,450.3061385,2895.027164,1049.427382,58.33832682,64.31806352
15-10-2023,2023,41,2023-W41,6082.119659,1574.225957,449.7678628,2879.940576,1049.175601,59.30507072,63.43625594
22-10-2023,2023,42,2023-W42,6065.359145,1575.331512,449.8165549,2868.018737,1050.347415,59.68871925,62.23812985
29-10-2023,2023,43,2023-W43,6048.881191,1575.990234,450.1094437,2857.013524,1051.049603,59.86788321,60.80755068
05-11-2023,2023,44,2023-W44,6043.202389,1584.941003,450.2897354,2847.265646,1059.705705,62.02430327,61.48991404
12-11-2023,2023,45,2023-W45,6014.709287,1579.131678,450.1074269,2832.193256,1054.205307,61.27384067,59.02163071
19-11-2023,2023,46,2023-W46,5984.138545,1571.546185,449.8247866,2816.679464,1046.696798,60.78243677,56.42288122
26-11-2023,2023,47,2023-W47,5957.949778,1564.381134,449.7780511,2803.861634,1039.39219,60.41941929,53.76557403
03-12-2023,2023,48,2023-W48,5898.931009,1548.445083,448.5208291,2775.720178,1024.558096,58.3684663,50.86576289
10-12-2023,2023,49,2023-W49,5898.904726,1548.833519,449.7866031,2775.903696,1023.871205,59.04114262,48.76696421
17-12-2023,2023,50,2023-W50,5903.152309,1550.935675,450.8922799,2777.06921,1025.267378,59.73160787,47.02395286
24-12-2023,2023,51,2023-W51,5899.011955,1551.785722,450.8002879,2771.306915,1026.30332,60.25878321,45.64332004
31-12-2023,2023,52,2023-W52,5968.118315,1568.890143,459.4239611,2815.632884,1036.057791,63.14117265,42.60085452
07-01-2024,2024,1,2024-W01,5912.073386,1558.13479,453.9822386,2775.01477,1029.472207,62.22184487,42.09406155
14-01-2024,2024,2,2024-W02,5841.983505,1543.729067,446.8805139,2725.977966,1020.890993,60.81834051,41.71252452
21-01-2024,2024,3,2024-W03,5777.824794,1529.245999,439.7132863,2683.37438,1013.57901,59.21864197,41.59255941
28-01-2024,2024,4,2024-W04,5623.166488,1501.945431,426.7840513,2569.399068,990.7310792,57.11836611,40.98599277
04-02-2024,2024,5,2024-W05,5626.317707,1498.232204,424.3581662,2578.928278,994.9986064,56.17698654,41.0134103
11-02-2024,2024,6,2024-W06,5656.136529,1498.825808,423.9618425,2608.477874,1003.083969,55.72684613,41.49096118
18-02-2024,2024,7,2024-W07,5694.379276,1500.996557,424.89594,2643.194781,1011.186346,55.67780122,42.10963575
25-02-2024,2024,8,2024-W08,5763.67328,1507.465878,424.4819775,2708.214156,1032.782667,53.82429747,41.69650258
03-03-2024,2024,9,2024-W09,5766.542078,1504.160288,424.8344737,2712.49868,1030.083659,54.48951309,42.72480879
10-03-2024,2024,10,2024-W10,5749.332212,1498.04157,425.2932906,2700.087574,1022.852322,55.18438758,43.50201548
17-03-2024,2024,11,2024-W11,5720.452431,1490.332264,425.3902582,2679.19959,1014.281352,56.00180186,44.17667315
24-03-2024,2024,12,2024-W12,5710.045524,1484.567931,424.9670419,2665.896436,1000.775925,57.14515862,46.14583766
31-03-2024,2024,13,2024-W13,5683.029558,1477.878494,425.3852777,2651.142393,998.7266987,57.79927738,46.23241305
07-04-2024,2024,14,2024-W14,5661.503406,1471.767858,424.9978908,2642.976306,999.5298084,58.62425038,46.27745494
14-04-2024,2024,15,2024-W15,5645.421512,1465.785717,424.6497896,2639.984864,1000.967567,59.33131362,46.24429435
21-04-2024,2024,16,2024-W16,5604.976881,1460.745835,425.2434168,2618.061341,1007.905657,60.25186878,45.9556505
28-04-2024,2024,17,2024-W17,5598.756372,1453.385943,424.7199178,2621.306006,1004.135437,60.74648994,46.13642988
05-05-2024,2024,18,2024-W18,5597.02192,1446.07626,424.8883364,2626.670285,997.7807177,60.99202713,46.33526085
12-05-2024,2024,19,2024-W19,5599.244827,1439.791961,425.1483291,2633.962368,990.1781885,61.30961415,46.57265876
19-05-2024,2024,20,2024-W20,5584.129759,1422.139384,424.6835017,2632.84949,980.4557377,60.60716667,47.02318625
26-05-2024,2024,21,2024-W21,5593.002252,1421.115373,425.0853076,2643.40328,974.619952,61.46346758,47.16107084
02-06-2024,2024,22,2024-W22,5604.533857,1424.218991,425.1739792,2655.322499,971.7243301,62.90352989,47.21323435
09-06-2024,2024,23,2024-W23,5618.334133,1432.526253,425.0572115,2668.424731,973.1999803,65.02583585,47.10250856
16-06-2024,2024,24,2024-W24,22600,5800,1700,10800,3900,280.4,187.5
